{
    "Solution": {
        "k1": -3.198106572196445,
        "k2": -6.990144401829594,
        "theta1": 0.9997624965412598,
        "theta2": -2.9980305058357986
    },
    "Values": [
        -0.4901940217645314,
        -12.251573109879784,
        4.999999676004588
    ],
    "Population": {
        "k1": [
            -7.0,
            -3.0
        ],
        "k2": [
            -7.0,
            -3.0
        ],
        "theta1": [
            -3.0,
            1.0
        ],
        "theta2": [
            -3.0,
            1.0
        ]
    },
    "SampleSpace": {
        "k1": 1,
        "k2": 1,
        "theta1": 1,
        "theta2": 1
    }
}